stat_1;stat_2;stat_3;stat_4
-1.644343529943007;-23.710424451563128;-10.59117457810965;-19.35208892985559
7.463911453522792;-9.787538909030463;-6.2998085940739195;11.091526607300256
11.53623880749092;-12.075189254746636;-14.09519887499934;10.378561723620809
-4.7591282009249865;-9.926429627286344;-22.051244853381235;-22.581364190512318
9.161898862838827;-4.731807317260921;-11.38689579653909;13.145629226561649
-14.783085011088858;4.031124665627988;-1.4278373437235654;-30.710037655607167
-6.79947859233252;-13.731186868999508;-18.386656671695505;-19.942205050277813
9.292494644273473;5.578233184708836;-4.081762655753404;-5.21323970738593
-5.091977878326853;-20.147211903606863;-15.481380847265703;-19.260654975222295
-0.7507549880258066;10.928078844845519;1.4826507389515666;-7.728952013266342
6.989757539738654;3.905506400672082;-1.9922297728393463;-9.046373041752606
7.333613394799876;-12.840542772249707;-16.576957855979487;11.542263613994143
7.685650128756221;-4.523074566649977;-11.21634391532061;14.937554599963727
8.757005841090777;-15.023876488464285;-12.231407295133375;13.848038206734142
-4.250171918129488;-15.331029907553637;-8.49598480141739;-15.569971050946407
9.202146302245232;-14.898508135099965;-9.540383706114259;12.659059002649109
-3.031729025191634;-12.904410102751276;-14.018222920197825;-23.05340262268499
-4.625882515648437;-17.169980211588726;-18.43948624510328;-25.409166054305295
8.909675046297279;-11.716858836972255;-4.292475973380647;15.125961133621725
6.526886218580348;-13.49618129124531;-11.006878489443073;12.800087226132938
16.9306657922358;5.456762601065861;4.818314428229144;-0.659112138205538
-6.3361040505236295;3.4714017445381122;-5.601641807492721;-8.958171389540668
7.363387455918602;-17.558723895310443;-9.665462731700934;18.281045570210146
11.921838277595185;15.583353641126024;-13.120352626348875;8.452679254572645
-4.78999717231573;1.120150217635619;-6.164191412803386;12.93609777240616
18.657781317658475;15.479503194341504;-23.99165807126167;3.9345147669955938
9.460155865020237;-9.629145653717485;-11.093584733514913;15.134726114870954
-12.842591812835757;1.2131563119608828;-9.234524382004365;-21.178373390801006
4.715633367691602;7.589650222369553;-2.005687588183241;-6.36470181835254
9.571757353851455;-12.222397175201863;-11.662732131593614;12.607657338438408
-17.63560248264377;-9.952357241702925;-22.63094168034135;-9.99885837269401
12.926348332665992;6.974190562237692;2.980869419290496;3.6473990916159242
5.986102042554084;-3.0109570101620866;-10.563553172926731;-24.70180376127219
1.1774688786108183;1.3381133160745944;-5.045334401685711;-11.71517416287074
14.754202842847222;3.416265947268164;5.055711291238479;3.8056407206004383
-2.6774484973933426;-17.814044162302345;-16.700589243105828;-21.12202181953344
-18.300491788369268;2.36526447683165;-15.967682565296304;-27.822996477196515
9.68270525819562;-6.7520525601984485;-11.644006573275867;17.524290179653157
7.245802388283334;-8.861647597168464;-12.840614724255696;16.229875833372596
12.865442606572012;7.815982232606647;6.9487823357075245;-0.025627139328846305
-15.399388809938847;3.6224752448912936;-9.392787118569373;-18.343948688331466
-1.5719515271378115;-13.008830352635748;-16.93794174405176;-13.963035764316214
14.71159907462128;9.414044138645107;8.159717923394911;5.193903675103568
-20.543253719563452;-5.192135272546491;17.05821284561751;-21.116809276072946
-9.20518851384102;6.295565365053222;-3.798286008340974;13.670198539250016
8.903096982751483;-10.082788344233085;-13.405378053037346;12.521285042145285
-6.454784948683903;-12.807708744557637;-14.750427851143806;-19.608021131609934
14.19385612600858;-5.706007839870798;-13.729494214385577;18.080772876193485
-7.26362906644035;3.093432552952817;-6.258911359309784;10.402471868239255
-1.59546771170823;-23.01645626692047;-16.05432678023892;-22.029377226817406
-1.116889427299479;-15.07450559027577;-23.358683085207296;-20.545769144998296
6.036003113674804;-11.345179089963478;-11.888446437252224;8.770060485760883
15.428144024209505;8.617610992093562;7.548629246346688;4.927067699548862
12.61030440155939;7.938109954171831;5.8735888265872696;4.112375310738057
14.305661417716973;-7.552329933937251;-13.68199642904952;16.391287541177807
12.505361566311521;6.605984788188541;5.331523936498621;3.372764821634075
9.617134214984459;-12.589413247820204;-15.492612248129678;10.627822354226272
16.700370694785477;3.281268096241852;8.248832755586848;0.803685451909713
-5.2561573153002135;-10.909856231075512;-14.623489842147489;-11.1910489366599
14.345723911622576;20.18712344568375;-17.841986446293472;5.407647632454914
7.975956601197629;-10.365979142771986;-15.86908816379402;13.349863139204889
-4.509003173835535;-11.392547452388397;-18.48147613969792;-22.91362312253566
-6.6396050060437055;1.3307514029910814;-4.551880070602414;13.744852989430049
6.613330840611004;-9.031797560281246;-11.26813061297308;17.442245575109276
14.913121937277639;2.613991521935705;9.580490139920387;3.4920600594022915
7.463337079074201;-7.9740302803835;-13.47336346072055;19.540109192141205
15.49402808595185;2.832699377709301;8.25813387883378;3.074979923993003
-10.3222350388314;5.705403671738321;-3.2131764595835923;14.843674051469826
-10.159125166680964;4.357211396168285;-20.226231374180646;-19.081226732857022
13.946100171631402;7.816613020244555;5.81026936293021;1.8281235947547376
-18.05688660562523;6.519827010601434;-19.262381065376697;-22.853873413276922
11.215058987690336;-12.337607534700782;-8.54578023722251;17.170756072961773
7.791797211727083;-13.297794527149964;-9.944089986796042;18.36925206351425
13.51138896001675;-9.660746999410813;-14.358005231837632;17.35866043500635
12.365661409053128;-8.437092473169125;-12.478228686343538;13.293017865694523
12.068228894662338;3.951385719503143;0.9511666850427121;6.258161770657287
6.3625614003810895;-7.2995992424328335;-14.381280327933315;10.627439470209477
5.647847033690801;-7.771806386077712;-12.486914714874354;15.738823072671993
-5.274137979705447;-11.377102561598175;-14.76356671968219;-15.733150586413469
10.5610581327457;-9.171725219293618;-14.213529729729595;11.949808107362312
17.81554400414226;16.429487553555592;-21.4323219139843;10.41361153461201
13.33641679916202;-3.4039576242714435;-11.161269877513561;10.687666537443649
3.9624117095609876;4.80348071322614;4.8943621309036445;-9.466271683008195
10.372589491662197;-18.556143340515533;-11.942291919509856;14.023419032012894
-7.110558621619886;2.4990379325884864;-7.397887608368844;13.453916573257416
14.822975987705552;5.6074164397929;-11.67169377616138;8.116134209922219
16.568961496107516;-15.970935481096323;-18.540618029091746;16.171054467380362
9.669427083119796;6.119290267628949;8.409217210849654;5.341068548539468
-7.227926305425059;9.148021076110279;-7.665225977984966;-31.32457252402793
-21.405803265092374;-4.503126797716341;20.017852658045385;-15.98087725093323
11.381484389262727;-16.572552866597988;-7.360649198061407;13.354365368038646
8.894074327954336;8.192497386469624;6.505860137192366;0.12497693790906883
9.180983016903513;-8.382887689481077;-13.115151671086062;9.186677866519421
10.94634661571012;-6.095128135460904;-11.644780575062562;15.821960265022437
13.437202052963599;5.051375704687175;3.9197606156410982;1.9936349622235188
10.367578190097236;-10.961013048861682;-7.767236428888575;12.903559473507542
11.358759480428922;5.564401278653631;4.360189916812288;4.979144724713765
-3.5267751027477923;2.802499024752535;-9.828619979714174;-24.738074341428206
14.940184674673052;6.3368005007371515;4.737837105566824;1.9728298027285032
12.772998648565874;16.983495711132157;-18.073478603037707;8.704613009443637
-8.566234425529531;4.9933524646773595;-5.710994369160776;15.633134317351118
-0.9456074543126523;4.021332584601823;-5.808295655688188;-17.437931764965505
9.622796902598786;-6.757289062218856;-9.732143307869558;13.501778015051338
7.560992726973459;-7.838583588144517;-14.266578107511014;10.483920096225791
3.6445146478896717;-8.31461269368192;-11.450226148471687;11.142674054732703
1.7468169298085332;-15.393126807122655;-15.972574111845454;-22.12483499703849
12.946227757219745;7.056946942556779;4.3057137799898415;4.732526115017592
16.142678366407036;8.216566572006938;8.57579499186632;4.688644510826632
0.128239414816818;1.957656593090449;-20.458329097640775;-22.11397607475333
10.67863963716112;-0.49244593625502286;3.8780891874679786;4.525328823268204
5.742384072358948;-14.534327697210315;-18.21023592113623;11.677320412504422
13.551057351129627;4.595188059945666;6.704227524118776;4.655053720856901
10.001085506315187;4.4383755739366215;5.194027066228456;-0.2965130929743185
14.216982662492585;5.660176330185955;2.82445420721998;4.231884874997839
3.415810929672962;-5.4276171196065635;-12.010634059071018;13.261379583985784
8.58833938172452;-7.281764321566614;-17.209582207487358;14.536240885509603
-21.653997754680958;-9.822198959839405;19.680388445850724;-16.859393963503656
12.301046256755686;5.395255132598317;2.2569503779894697;3.406727676814158
-3.697648186032519;-21.25980245733522;-17.752133228954317;-19.445362248283363
10.848394000773137;-10.92935583655223;-12.567175221808512;12.347360191602373
11.901450696162053;6.789427188908161;7.382698337573181;2.2683418421488275
12.968322405215947;5.068695733241773;8.030492900501319;2.4778242820887595
13.319089133642661;4.431555512535329;6.35394471566877;0.4839925766936557
0.7318497257266507;-11.669776439640387;-13.458674753249632;18.1793341917046
11.35360113471869;-6.759668142951247;-16.943312444585356;16.93295850130112
13.681012834168296;9.360267891622666;3.599050325049281;8.531813882741066
-16.605578766771195;-2.1215455779001386;18.781190165746388;-18.63326405719174
14.054634874627556;16.85587799552924;-20.347754086006322;9.373152717184546
3.6359955814983973;1.4057147598224145;-0.09002910714729306;-15.33352875892026
-1.499641313533333;3.953755055679516;-5.8935293523551815;-5.733687051352918
8.484884962742559;-5.998844800094037;-16.5027285789209;17.84160827905584
13.457082861839764;6.706520404907874;3.590223015255403;3.1001264165137314
-18.01719503803157;-2.7151992459184737;24.485290027726503;-17.01135017765999
-19.54843995166382;-10.211219705893743;20.633627358713593;-16.865752204519975
-4.498306632295421;5.344017219389902;-3.4675494241157745;15.49051835143462
12.561658087077236;6.871223229009793;-0.17621391257155228;3.3312812704504484
10.710308508623555;-3.3792309442618;-12.115708305854643;13.336937088138034
11.61517896900524;5.557661523669543;5.974874503682158;1.9484986376102056
12.19030860053855;6.736769096184311;-0.45321653913677284;1.4950606092368515
14.641445120168248;5.271168204370401;8.220029769892482;3.8747084952230977
11.814870988926952;3.3967330437409533;7.682016430215198;5.9563711907608
14.585884711874357;-9.750028607065852;-14.257807449003199;12.964073509389772
10.248623343504208;13.308109072998239;9.615337147706864;0.24784979298481247
-0.9447738722440082;-9.89734394404762;-11.715085159937875;17.87494208488101
13.934275511218743;-8.318868223813956;-5.544259933078354;-9.9665726680625
4.170242845023343;-11.690940712828855;-19.031908713810182;9.369127935405086
-3.3974522554640574;-10.837616437599195;-18.158459687620873;-13.458985237536066
-2.355842890605078;-12.550935391841946;-17.287662229599007;-18.847564694252483
8.671371187406214;-6.871773708049558;-14.012907069869797;14.94846820754739
-16.363485112029537;-4.942296577712924;-4.619631002806933;-26.879553112539742
2.907485292159918;2.8964364989056026;-0.522445607137384;-10.156068199947187
-5.305678417725811;-3.068626048176828;-8.592998096255135;-19.22955361202581
-1.3981492004927771;1.2941635641537481;-11.854154002171633;-9.072981351020815
9.668870171586295;-7.745112726614719;-15.649916556776375;17.475105514733603
-14.037595798517824;-7.1152439550644;-5.1239808063220895;-18.97645025156351
-21.820062463430823;-4.452323249902918;20.392143319335037;-15.611864883656082
-23.09136614782669;-2.513697127330462;-17.634894345672897;-7.903052332373333
6.513028483160807;-7.320323334009326;-10.672957589816496;16.312561623423818
6.504132760730757;-9.053792538390953;-13.93284244820745;16.26773406175572
4.365790561209302;5.919376077400603;-0.8085959085495351;-11.678656560937466
-5.137276787788249;-13.73081750769363;-15.217225511500079;-19.720450192524964
12.410109469990157;5.150121363809792;3.9017839550695874;3.208641472789592
-22.881301142479675;-4.198564095246587;18.554274603806032;-19.373683835897697
14.038565597338128;3.3278460548057596;7.7280047396039375;3.337464843008179
-1.349248075747326;-16.8338184289208;-19.79231189986954;-17.634806002395095
12.057492156154272;6.898016714451927;1.8391667004193568;3.9875716216245345
22.284276991646223;14.453874868691122;-22.492275845302558;6.89384448285831
11.908303633491757;5.9308221312830485;4.172717855793463;4.2286331935309445
-1.1851459962567894;-15.822752349820012;-19.757160169596034;-15.540244707905828
4.665684904322685;-4.132838175596884;6.418121639773261;-8.53034725635145
-5.283314109277563;2.6421842119782566;-6.64597396447267;13.806752608282892
11.247867922851944;7.480006557740306;6.982312636128857;8.512989259295704
-10.72862210218027;1.4894456937676288;-4.736193776282463;10.019097861152918
12.687156754485226;6.922619153863314;8.3106710926129;4.207575756991056
12.731624834691559;6.233880307262071;-20.260637337555526;-19.041952566243246
12.465016483386554;-11.959857414868889;-12.566730668077048;16.90827816400151
12.329794785383788;-12.282687123451975;-16.862538094818348;13.217046627236618
12.490358984389301;5.810877545568353;7.254086732691079;2.8873261386480804
-10.593208084044921;1.625590988708439;-1.4678674307302813;15.015917649654128
-13.472121127430562;2.028892849130625;-3.422515977176347;15.248869267051917
-1.1373353674844182;-14.601462852090737;-12.635030956829702;-27.103205287231113
14.723179387684723;7.47819275018821;6.863786330493008;-2.6412248966335374
-3.6943403083033473;-16.839833954128448;-13.326994554426294;-20.765406646814107
7.842921521924216;-3.1329330877491657;-17.35191575801567;13.708388661153442
10.611055030305357;-7.229779672340927;-9.524849206287069;19.34487606623938
16.781341075577725;-9.268364988629044;-5.2966880694570415;11.828002836391331
-8.379729786895046;3.7088149779531836;-4.9815036978713465;13.626460469182025
-21.194382584258197;-7.520319193050241;19.655261227038988;-21.181324822333405
-13.213419864132232;-3.3883710090698047;-13.506745705196984;-15.798946440241703
14.151184657084194;-8.743223299053723;-19.81398316363662;18.714846916005122
5.923886593264729;-11.727212162891625;-10.128470388272737;11.863829238448783
20.498971354076215;19.90076050039501;-14.601625645622828;8.061223473116373
12.95666035527158;6.78349976855533;7.543595201672425;4.483523881328906
-0.50884159045592;-14.696747743654297;-11.641168194638386;-20.947050446108705
12.428312145020303;5.700512493931874;7.871998756588005;3.003141203528823
13.725370989550514;8.050751728008922;2.7425734251076554;4.263862173831593
10.782491731176815;-4.919907242898441;-17.927540315227855;15.660515164219248
6.462728244366421;-7.423911100461115;-13.736325921709133;10.524245621797185
6.169746033416974;4.98464214164705;4.95164221485541;-15.240705830487979
-18.0892334014379;-4.156354656460351;23.188134388256962;-18.03530014190923
6.613398637582248;-5.096645670447978;-12.942893187014466;16.502159487781288
8.730279329806155;-13.76563802021914;-16.423374863182012;14.294411125652202
20.105072754400396;-12.59729450742995;-16.402409912602057;13.629084831869381
6.9787798316510266;-14.106658345537465;-11.084829341544578;11.64081681276774
11.331992044681467;8.803017024248787;3.753958432189556;2.7294804722506756
13.21881490322399;9.15940887844087;5.454915053238593;5.58926420180067
9.897248679871316;-7.156915772934887;-13.194163687093766;16.598726476217145
5.725117369569943;-14.174125505254743;-7.044672601175539;8.148717695847257
-1.0068670971473104;-14.271131893791516;-15.08157541764147;-24.056253205300575
12.563539987975796;-7.773961695054492;-17.696382830459953;16.599923980663966
13.68302853315579;-9.64581556044349;-12.876113263096318;12.03600959919955
8.826778492087145;-8.546071169069698;-14.26144198297268;9.945469485925319
16.75721034287251;16.081551797949196;-21.554867679528602;13.559340003731613
8.822030411441432;8.694097205287624;3.2395992576445534;2.683894149855174
19.05922006332641;-11.502504716109783;-14.388924547062226;9.97794772803272
8.825540930111256;-10.32789573122852;-10.20812884902805;8.38502011194703
-8.203889440635166;3.750545535134756;-5.827443009454336;-12.055393503182232
-13.400238439608959;0.8586245467098722;-7.888116939943321;-12.784739214760588
8.135853059996206;-12.796240768587069;-7.869613133555643;15.637694512765247
-14.888117708875416;2.965703078275536;-6.698486228031892;16.416608535148338
-1.2099281961663069;4.04978448678852;-7.440385246554173;0.5697558040917592
-5.50554102275473;-18.233682937340642;-15.143681065103314;-21.04184001061023
-6.241975430928796;-17.285127907617994;-11.193277881428681;-21.3391559513172
-0.2511719682543694;-20.397530814399197;-14.670570558012397;-17.081499353282442
-10.181685611932426;2.512983521816237;-7.783626386825825;13.96656613637862
10.89390439321997;-10.845975908171706;-14.99729673293436;10.173070139479325
12.869757321601957;3.352378992258955;7.632652543219153;6.571295216758971
-0.7291579133495549;11.785830485432228;-13.093912295259173;-11.812861150893376
7.75958247116617;-6.768492798476261;-11.740675428806224;16.860539012079247
5.407074286758509;-9.847467958552222;-11.01984405835514;13.791853176879783
3.6825348050180366;-9.713914671426876;-10.51652425765358;13.275077898723973
-11.347832614082355;1.6812920795060058;-3.415896209256643;11.542427859997686
7.716846651473591;-5.245334049700905;-16.355663313107527;14.030319847961914
-4.554422344230321;-3.601361158679725;-15.371475127857536;-1.2851726343586272
11.665801518239416;4.294921077425524;4.033057536111871;2.3265900802975734
-6.208889255913547;0.9326990498619709;-4.319779510210795;9.509976369631426
1.626607701129025;-8.43220716959671;-16.834168328574286;15.051337161489986
-9.27995505504114;14.37317522382532;2.352443787127937;-16.02757298505293
-4.563653887508445;15.896825398941074;-25.82078603968672;-18.312473163889194
14.59869414233593;5.589722718867089;9.137602824114207;4.633390321805431
14.516747722790194;6.557339093575551;7.766579718514757;-1.4567945888916132
15.100651650424172;-9.143131532203125;-12.944693202853879;13.45347552416742
-9.95834245889772;-4.763891616226299;-35.646614050670344;-20.261763133489715
11.054670215841721;-3.57153946130782;-11.906344524720845;7.6216974564683575
11.856393149871737;11.351848292324284;1.2107892882419113;3.923272207552126
-20.250761908253118;-5.827046715266839;19.35618117678532;-19.240000193631328
12.626177026777999;7.121071435406431;4.679234426090841;3.8802401197296756
5.102912058075447;6.811502749473716;3.788077845947079;-10.05651779009025
7.232874624227951;-13.054523713603707;-13.247092035823922;21.908145914755636
8.97638024409413;19.320119869447982;-13.653579201034962;2.54990491153933
10.67415782838425;4.118804553255249;-3.1277451068803472;-6.482874691709784
13.300738004828577;-13.941467255514151;-13.233906987550606;17.29545373820116
-10.042727072057913;5.664590162974423;-20.223060529318154;-20.60935678562071
12.359999222699493;8.49572037208966;6.623812884831056;4.2147051353222125
-1.5615551961986354;0.3855409129208953;4.083045098428768;-46.211830473362625
3.7657362965989662;-4.498439673174387;-21.65003243889239;-27.033074915587036
10.785566017904994;9.066795303280774;5.954035670187955;3.6479236160061275
14.43298278211756;9.64656280143473;5.369016073338135;0.8678173994405594
6.547516149961591;-5.785147309380337;-19.580724738483404;13.74989772660632
-13.91530027110932;10.829050903655038;-19.259757418004536;-25.26141568376128
11.98931965256151;-12.438729298168838;-13.111586977178826;11.666593445979382
11.9508433793987;5.2245486800992005;6.070102949412383;3.617912908735032
-6.6542726660853715;-3.406275465915374;-8.850004485733601;-19.275448245110343
11.809813072643015;-12.074023723061055;-17.8299355131028;14.261062097089976
15.363945838820447;7.857104603164;8.718121151471516;4.411633552741484
10.94594893449331;5.284942592074039;9.993471338503005;2.9241277133635624
-8.264359531714247;3.00409617117033;-0.27906592062627045;8.729918775978156
9.729342811941287;-7.982529021109441;-13.840584749536832;14.905923797569107
11.852911014949871;4.135511532294283;6.421716602762471;-0.9977809263413722
12.72394412384758;17.643294869244972;-17.591904630922862;9.679737279744582
11.042619540535831;-12.605955819569022;-7.132752555787166;14.377498322775777
17.93946606848454;15.824437494823558;-21.943467554802513;8.47304358772433
15.480375518952211;5.167336238434535;7.722841438255826;2.342168952241759
8.373829141501538;5.208153711979392;-6.395684414680111;-8.7903513909872
6.724264945583451;3.1301537621756177;7.15994179086537;-13.42504321331593
-19.51109337470965;-4.633594604008524;21.05241988154656;-19.291023652465313
-12.84435163182355;-0.41145928061112613;-1.578126258519668;17.417690347649454
12.688606575143536;-4.283540465966413;-19.953080028259404;16.96405620242443
12.511575659344366;-12.549237878280106;-12.667504337695453;12.72910130182301
15.682023562029626;-8.263488007008501;-8.154524712737283;13.71664326794437
6.6539865593190965;-7.691742114651594;-14.993138929504724;14.509324959007044
12.517600940150905;8.692024873423206;4.457212999063968;1.144086448800734
-4.735566756315053;-5.245141456506031;-12.40379513068168;-19.737440527888655
12.491980249642214;14.79023729601247;-22.058499821492706;4.693528873572516
-14.329520215583784;-3.2875309233198964;-12.177990825388337;-12.621403592445738
-0.49129997649422474;5.782753382756128;0.25431144921114424;-11.267184663997744
-10.935010485313212;2.0291376013259557;-11.436271226737082;-32.07230377421297
-4.116352759032247;-15.523392185870762;-13.538732099210057;-20.04164167711669
9.890188222743108;-9.937638665452912;-13.297556448660522;7.744323673131515
4.725918693634419;-8.671660532887023;-14.492870024101085;11.521143888388579
11.88174391496174;4.256694024255787;1.2066454744870159;1.453856666543382
14.903120663682227;-10.368866122343347;-12.857748261478267;15.261853586127955
13.235198706598728;4.895948683712657;5.476635055274247;1.6524026306872617
-11.249284292277947;-9.53636133354056;-8.88850377905436;-26.814688311413825
13.240890021541905;13.436008725762557;-18.233119465964123;4.84332247670574
15.931011691200984;3.7439072108400495;4.102747432366327;5.534858780029869
-0.9019849930898469;6.018187590886761;-3.795913871127756;-11.002067350545161
9.911964818611702;6.4404475183500836;4.435913360513449;0.6978250365070902
12.966901354609194;-11.0816162587441;-14.320458011121323;18.768398245035698
7.112632210008603;-3.1258750845020975;-15.716063915836138;13.615005559443885
-3.3592931400257493;-22.835233081019226;-15.54699923367955;-15.308885850387536
9.16492298018418;-4.2047651288929995;-19.273560846433554;13.422976058611404
-11.177954870983125;2.11064374429488;-3.716817062375706;9.899611942360274
0.7501969812352394;3.1557517239559374;-7.652106945480441;-10.92946164621322
13.930492170090524;4.938047857686592;8.669053190537786;1.4037302742247049
11.175081738463243;-9.9160776840265;-12.280781165414295;9.626149057254295
11.320993381690403;6.994817877240732;5.537141397498873;2.7146234154459723
-1.2156612384769265;-3.7355542169835214;-2.8743876207692183;-14.599613776635248
11.57907350790444;-9.228949470113378;-16.347142611625788;16.083774533739835
11.599798547582344;6.5995864506155115;6.067549673521645;2.1574765910122737
20.11992711343422;22.360867880844793;-20.095259575045933;7.391318241451149
-1.503865764015468;10.7645238761058;-13.373873991752902;-16.572386138712737
-1.4556688960583752;-16.275748730941313;-16.17438780235001;-18.743807792892603
12.469036008375287;-5.024941633227368;-9.642767908756342;15.692100165680388
-12.696007360622662;7.057600294673705;-7.622326188441489;-20.91144620790106
-15.48562053701626;2.395959313380589;-23.27356728137987;-17.732457411654305
9.624311793349248;-11.164218675461196;-14.83911162998818;15.019364599640813
-0.4514913941217351;1.6066342574108594;6.628952557765116;-20.41161201494855
-10.127023614721946;3.7591232811161857;-6.429540523468876;10.99849512550821
10.373904210116486;9.11094283857879;4.768145291423083;3.382751130064844
8.317411748615944;-12.59979863306762;-10.189493632440898;8.77224290705336
13.502836536379583;6.435758009345054;5.084670530690424;3.794677369541315
8.487016291798023;7.134027358676855;6.483218010671951;5.316398641014922
-8.59356395209951;2.8112292304146735;-8.701928634285869;13.963028532321374
13.136636666060541;8.147767325412431;2.8196428557930284;1.4721118013389385
11.983481940603545;5.323382217235383;4.99231051170137;3.1889744327721745
8.650820267425297;-9.892008687683255;-11.462531965717716;14.499713974064024
-10.48350640140143;-15.986582784672454;-16.695317878242953;-17.142598320157568
14.686941613875426;11.715645452815721;-22.645610419724427;3.7921188782832855
-7.314256634718441;-12.469839687971444;-14.210981621703823;-17.535269979397917
-9.940665602637358;3.750404125890705;-8.134436942529412;11.260489635800637
-5.7005026284186044;-1.084876362478246;-8.016782957643956;13.912242510874343
6.678019307864812;-14.459836333172493;-15.179538996064027;15.752943158083966
0.8334912874431293;-3.3572294646485776;-21.388580741336828;-15.26782184092212
-13.218134213910918;2.807664756555797;-6.422607583958678;16.074099216378947
13.66243329776611;20.954897301534658;-24.102792139147837;10.815641133837214
-5.4977401894249205;4.163480716373888;-9.060743305122529;13.069811092967274
-5.268380774818055;1.7109587401637791;-5.875915523335345;10.2928282677383
13.356838659568012;5.0561759626843354;5.911174948764934;6.442836655219013
11.162465129176466;8.03725222973075;5.7423185264841;0.8313634336429052
-22.187153601737442;-8.824165497085698;-21.99705834372901;-16.777985063013624
17.634789771724087;14.345085246273847;-16.598199502499085;7.693418335864525
6.110984348123685;-4.697364131855743;-7.478165826921651;18.75568174271423
17.115830857713746;5.953552486795423;2.864368281870351;5.825869571267451
-18.33433197248705;-3.6301211192379874;-8.698435305443898;-14.090627289522793
11.893030461633108;-7.3346471680925625;-15.10141247039357;15.511048506845967
10.065528041600034;5.748628309117367;6.31280057460154;3.319382691955925
3.8256697513782445;3.1957500210111345;2.7207337560301235;-4.921293519125141
11.903215755053958;-8.31024077743595;-11.440192050851532;12.400023025378546
2.1826579586167814;12.87154692952184;0.7287054650903007;-10.494994789186181
6.33630864546605;-11.618778268266968;-14.20585867123475;12.182848869969114
5.530173336726593;-3.6200608434930297;-16.065115931685117;10.859749388978088
-8.40845228409144;2.463635633332552;-4.079450255796443;11.052016698775475
13.398496006717899;-12.35894525500601;-15.984990617006831;10.331935639335814
-13.7289782234001;6.213420793576768;-20.561514781649677;-26.076193996780816
6.078518352424549;8.315787535522915;-4.41779585994094;-5.0142732355206645
7.3124575618479986;9.877066505008381;-9.540924533580533;-6.402932250272713
15.906376523599276;6.340417254849541;9.103065761555936;2.190152748427114
9.173703381451928;-9.583357285700693;-17.062739029920486;19.390550972790614
11.235485077481055;-6.972806308682538;-19.28735020626545;11.781451895221506
10.132410955663618;-10.9646127460345;-10.825212536556098;12.411596315916048
-4.120778387721145;4.684173745957457;-3.9403584504445406;11.418520870392838
10.565964040615956;-10.873844408047791;-14.353623946099692;14.697525640331747
18.164286130148763;17.290344019899145;-13.979919780900762;6.94144836253644
-18.12705260149639;-6.304462993426634;18.53558450024038;-20.844522940736525
17.134275401732193;5.475334472341263;5.078237739386895;2.6060548923723066
12.751891544585161;-4.966045633748183;-16.293688926840684;12.976239737092444
9.863599566206574;-8.79714917628503;-12.78120712447882;15.779744208795275
13.00962053587179;5.234786740475242;7.743409087538078;6.570182980395544
-6.935424851264496;-1.1716952552021036;-24.616859042729182;-21.285878929624175
14.949714977682255;5.345064724295751;8.519794283233557;5.343991390206456
-17.590042124982563;-8.40967468939893;-8.491815147272291;-24.131579941876133
7.399573199232066;-5.142047550331609;-16.47191021366544;9.17909033127207
17.167066678276274;21.054105118750982;-17.50956654125591;6.435880184285054
7.023984004718594;-9.12095525475645;-15.246299604099317;15.350281919184
13.921557868044488;3.663215708105634;5.20555642730606;1.8161109368594697
-10.368659319385634;1.2827290797398487;-4.069119737408813;14.981484017737127
11.009020536927117;-9.708754380366374;-6.544924896456923;14.638715033965807
6.875987156623738;-7.2057607274055995;-13.937445719105934;16.42315245432742
10.560489215801693;-11.096556719316471;-14.000194541419564;10.949569736103149
-18.700177013119518;-8.994530289291614;14.83291611205408;-17.70871356697252
3.3455630839037624;-10.846321170245021;-11.042834174909437;-15.104674945495555
6.607464046732584;-13.812510833184401;-15.56216726471883;-8.65262341160265
9.85636247972258;8.063713359072462;5.280241378265989;2.2659173994175505
-18.27804624036463;28.107076405856482;-12.559267684345826;-24.565815411112972
14.460376563773474;9.3706373202957;7.524687654000443;6.364718664862146
13.073513962314815;-8.569026175536214;-13.663923324807223;12.107849038026718
11.193093209621257;7.852115447358509;6.8214506672409065;0.3053646648669548
8.24138349955059;-11.417675112406798;-9.407872602729071;13.43294195645935
6.573583922076031;-4.7261172517318295;-11.738913138945279;-7.757713214116533
13.118715409622865;11.281845962857831;-21.39546140856935;5.477334615408029
14.793096604374671;-7.09372844622038;-12.89694647975323;11.805320199052506
-6.003496497609608;3.557035683895325;-4.995188409016261;13.972955608980667
-6.7947904867912285;-0.22330096979532832;-13.047987488353904;-25.944686214800264
10.759456247312315;-10.73473724975916;-9.802068020033817;14.553806606768838
-1.515182401758433;-16.067785652312143;-15.646384180139849;-21.885329363399386
-19.077039306984936;-3.829649459046244;20.552541011577237;-17.017826604912024
-8.735721633461207;8.81677602479862;-24.60190038773485;-21.636229514555065
12.116481410296327;15.62904295235115;-20.725707736587246;3.7076232557100757
11.871462058209769;8.18525957825658;4.899697986215699;4.728510803145047
9.159009523400165;-8.387945076875374;-12.311199108002786;7.140590229322274
13.586550709935882;8.685860232672544;7.229560960659489;4.496668035255212
13.32671655298488;8.071805728979701;6.004802517353911;5.491084587742271
-18.818014893393855;-4.858058673199267;19.749944858294768;-20.401285380379104
13.6570621442386;9.019129779279618;12.05454590616903;4.872213433703867
-13.362579081892157;13.541155227275022;-3.906004330161517;-18.60216596454276
-10.887983652498841;1.7008991136477212;-27.27138258475655;-6.1154606379723795
-0.5832897855164223;-16.137068073451715;-15.787942207034366;-24.217458160135934
8.32569958857809;-11.28400547748448;-15.659262978266515;11.170230517471666
7.551377328216039;-6.982508327710796;-11.92917164151088;14.445224960777782
8.688787670315218;-6.843391781005929;-10.52671794587724;15.525227891385665
-8.232156993696075;-3.857348140578509;-10.012600604114343;-14.264111834219223
-13.888902845573286;6.024223416237878;-4.110769890105665;13.377025236701911
-2.9075103229225796;1.668569277324593;-12.26778466603201;-38.318243045841925
9.991742711264497;9.139006802414091;7.1962821683740605;-1.26482968597439
-10.59321217200775;4.742427813727846;-0.25173110953424516;11.177059118295462
10.948795153182012;7.632192658543205;5.556182592947385;2.823631993305991
-15.770406621275017;1.9586235549975586;-18.942947954818543;-21.54965952003694
12.637546037602155;4.517356651361389;2.7742878315448203;2.680344243952677
16.98416494743245;19.702031606579688;-22.542675092882167;8.766361766871508
6.587799071396751;-7.845775535573772;-12.330862546266907;9.224533376282626
9.026701369639257;-14.497737234485866;-8.228111738089723;11.408688543707001
9.168457444943433;-8.310877983294441;-14.849396625377784;17.082016132885848
-3.0040954465615246;-15.274051337325913;-11.564082300123786;-16.29217232083782
6.878677820404999;-5.649472265559595;-12.69628636117653;12.933395701657844
9.961619660237668;-6.443298595823411;-11.758538324285869;13.087342671020616
10.55334030985577;-10.623989719852666;-13.639316540262381;10.876832887003399
13.162310858094159;10.210729104030552;9.148601410478065;6.336928112060294
8.160183517455458;3.5678892932340567;-4.816093872305528;-13.171796618657277
-8.878987808001948;-1.2277660625424818;-4.445290200148621;-17.623199793324222
8.316081007794468;-5.610764713997172;-13.993709443463656;14.2433374257628
10.887874427196012;-6.704980424889991;-13.645407757428364;17.281631439142643
12.931388126634628;4.886869169463452;5.207474514253509;5.991770292778044
13.18229915581866;6.516788628262952;4.830289236988361;4.7028957846501696
3.9760738292337994;5.657444039374336;-1.6018145152079044;-7.489567569892172
-2.281283484648065;0.5791500306748073;-13.949105652499787;-16.79798895274049
-0.194524833313388;5.427119810639052;1.5222382109871373;-8.774134808060563
5.579099063350156;3.207353952966841;0.7272019740555122;-11.787601988361946
11.992220204915363;-6.349404270567524;-15.256379314891964;10.559830797696609
-26.763733471494536;-1.2838571919117876;-12.600942630630225;-14.96632596601102
11.75710462312754;5.1626405366400165;4.536904848534558;4.4353004446223565
8.287161456143398;-12.372831207802365;-20.818216063834804;16.93484942575701
15.356358510753548;-6.4801933902840165;-9.363982147822934;10.23223694049825
10.52498460929507;-6.097680422823565;-9.659398871996938;12.701261814602937
12.046385316100197;3.031982786284418;2.9011332683333215;7.602713816988222
10.058887549362352;-12.633829705558766;-15.151426670072313;13.457136207207666
-2.709180492613596;-18.65855314450174;-17.262245213642732;-21.092536095002735
10.203973302753887;-15.41795888255798;-8.863017051166864;12.882387075858642
-6.081734425260509;-14.585710507713964;-16.996603201883723;-15.401135916300987
-6.9930765867022835;3.125951613155562;-3.1337593204269814;15.166656844250511
9.80426098355483;-12.199014138805465;-10.76501456814167;11.84437213858584
8.672849751759971;-7.0667769521092385;-19.989013961026714;13.01545375022192
-9.84943001098507;0.5776507272786073;-1.909380162344135;5.079552265520997
-20.47580951147514;-6.215520867725856;18.028719793849234;-19.268371395381774
-5.793612703761464;0.05108638654295028;-4.705096079299129;12.700055094509027
16.637106920784394;7.140489519768124;8.11099353679377;3.964494214321335
12.404691701532645;7.697626972981413;9.846945869543962;-0.17277484679050037
10.0551174269436;-10.212313638008812;-15.483273452677405;11.282648699259271
3.8049412136609746;10.136712155811498;-26.398484255227537;-25.580886236803988
8.54681186544023;-13.69394330121927;-11.938202826586949;9.207258267557265
-21.163073933542854;-7.168438538566576;17.657816357185116;-18.135721988111342
11.422931250862835;-2.361819793939886;-15.687108532584809;13.463165597878886
12.50636327528881;12.695870732824728;-17.979398165470272;2.4687639367270373
19.17118559169193;14.771189220691577;-14.256728365162122;7.639250441728143
-2.9437175689485975;-17.364901607049834;-15.666129514934967;-21.404523960058093
16.1806208189876;-7.16300036251593;-14.20859552761135;11.912045926695967
14.926799377169145;8.834428394717834;4.935569694380793;4.653209165268474
-16.704442835876954;4.202995155034879;-21.836453855625535;-16.678477968033256
12.519097544235395;11.994124251985927;4.0184913133817295;5.3509169617180135
-5.8899824404890335;6.821777920025958;-7.371471910531077;-14.564361150698222
0.7058877797886682;6.059965068114139;-4.352515002700207;-17.084566574668653
18.495375897943035;20.741232733398743;-20.551712503514043;5.615636656945041
-8.349169359606405;5.903972672975463;-4.523718524199681;11.8378237880528
12.928541430697836;5.8535583981176815;5.616268191574912;5.895611196502046
13.584187204014695;9.508070667540714;6.856177430228669;4.323704737964714
-2.0114431666983146;-18.333831198623145;-16.263845770449024;-26.68448695066113
0.29070827065104154;-15.95528733750992;-8.474857037074331;-21.227064297061165
11.238187319530926;-9.70700961776949;-18.002212506785398;16.532094358938643
8.962729062303751;6.680615197310666;7.089885526213115;-0.01920878490833111
9.415453085425202;4.200199843705274;5.141733717710551;6.033961981394793
-10.383184018437193;-0.8853393213394596;-8.675799524242853;15.387893643836597
8.853142604563985;-12.310865327243224;-11.411690672817453;14.203136353219286
11.437040430335546;-12.080976568478167;-11.31526175100894;12.819809318669067
-6.48209081699105;6.0246190096053915;-2.768660049200239;12.975323388267519
5.051608353179134;-5.444175229301367;-10.447929965737726;10.997758517260829
15.711553195008086;7.723451684805054;5.557622117152153;3.6791892450496237
12.590511849071731;7.674677758099096;7.273049483699097;-0.12668179023474924
-9.97010419568202;-18.421107340063298;-17.712969139679625;-21.40057203832498
7.308691457126807;-6.432408166188633;-11.609139638156368;15.442882068956973
15.17558909902583;3.7298861446403815;0.8999483946988613;4.208359707302282
12.001050302620374;-10.802238274371563;-15.624041042987656;12.228814508553892
11.55751173385273;-6.190294444447522;-8.94311994088573;16.63754565566037
8.98675343124059;-10.43258357627705;-19.276114060315315;16.71379258017408
-2.3674049953249447;-10.460875361573875;-7.596095969333183;-10.9917236468618
-5.114527105470437;4.832218054017362;-3.9176971857198777;12.427574041191978
-3.7946305336070765;-13.214600926326161;-18.214017650457116;-26.37570513801475
-20.260348522193834;-2.6358413745355613;17.14234973312722;-19.45713503486838
10.79743338910965;10.810167975940097;3.7074191318803806;5.8457268766499935
14.904600012161698;17.23411581985017;-18.330340519838792;11.351910774534876
10.297221906988412;7.799496985686712;4.195909664088152;2.4710396582710565
10.302127896939918;6.32806034619643;5.230399186463227;4.730872968964231
15.710860205658374;6.139015259466318;3.148831424096324;2.8998236512614484
15.71879403134813;21.145395348302547;-19.82633265310415;5.576126574919736
14.343977737723762;18.68416310540496;-14.83428041707728;9.039549112128645
17.493927865117396;-4.262631422100381;-11.523370552708352;17.022521484817563
7.371305509523106;-7.667894101809027;-12.056949633662516;19.79997732540471
-13.45928182197475;8.515559785282154;-0.994949134051252;-5.95158334024009
9.898027126531385;7.528699888830172;7.815946832526987;1.9818389866229573
-7.859486734082367;3.68628527056802;-18.62149025886033;-22.28475913989903
4.529993723958933;7.224500784042865;-28.972894744244513;-8.238837038199664
14.158192726814256;-8.99699990827783;-14.326166971252082;15.828429823026127
6.337563680928675;4.052127970738387;2.4432213724981287;-13.535925061209898
12.745214285108949;-7.370520288321364;-17.12447446464444;21.27483331622695
2.851692388350088;-10.538572735729446;-13.531924941542405;10.534219732387907
8.522988735669527;-6.145922926973288;-10.112976737621048;11.771630162726332
11.169885051498454;6.761170478346886;5.733612854699501;2.310602489463267
6.284515072331089;9.678627995478122;2.746601723759466;-3.8303287710558553
14.27791785523368;9.746726313589651;7.511774762077646;4.532093412488778
15.363114655008953;-7.347115190416582;-16.774767410441157;13.80846490560046
7.364069632714486;-9.313637567261544;-14.602357687847409;11.403218476006773
-7.667568605137195;1.7972149380177753;-0.06381697098235506;12.265182757848304
7.711540692831986;-11.058639179472726;-11.35289267405534;8.35286010874186
12.758438576100254;-9.566948253943318;-13.897388887317241;14.391373832964934
10.917664684616229;4.6722358849916015;5.937275502284212;2.461619931513753
9.36498611734106;-7.99184714578656;-16.826916572282887;16.27398556464431
11.750392151287524;6.212719282339746;5.0759236761096425;2.6978333474589706
-4.514805029005702;-16.595497149391008;-19.03761521911528;-16.629807676550865
9.167749142870022;-9.35042321922115;-11.637952264374107;13.16326883426363
-3.376458996068538;-18.67443094394431;-16.274300801502864;-25.078558247978286
11.00018241047577;-9.304396993358726;-12.630486192379452;13.264965673154089
13.75413149756091;-8.81954829199437;-7.399208161489879;15.623902558092636
10.00493133055429;-6.031360387482378;-13.927016484851098;15.580955344287723
4.117180034710586;-10.255668371190177;-15.804397052518256;11.910986893100691
9.104227301292072;-12.035309634271247;-17.312477104495276;9.535004251166573
12.083666582450261;8.053950305280244;6.9561927197754265;4.296127007143434
16.17227632835154;18.017346540474936;-14.566351220371875;5.27429676537128
7.870023292157048;-15.019261923907461;-11.15386709163777;12.45725264585377
8.391477027944036;-15.896246885811903;-10.067703063692909;10.023537656481881
11.03561864109242;10.19946082221038;6.059400613206659;2.7273554504186857
-21.016304570214015;-6.386582290149737;21.621079456634032;-21.067297534279707
-7.7847359227771165;-2.2402418404669637;-1.3146306755509296;12.675040261633947
14.65581509538567;-3.583676943460942;-11.651819704285769;14.635403748302352
11.433999721544671;4.9563987935193365;8.510127642654234;3.7796787771071765
12.218663570478327;10.908591652125416;6.399331457916242;1.8269090555396867
-19.526370735398284;-8.726287665390043;21.210846550851315;-18.08194163175292
13.809210412578462;-5.018857612186335;-18.627812520305405;15.166138844742383
5.994144668955463;-3.928005726945952;-10.814165655460405;12.631579999923288
12.239654526080749;5.990728368759377;6.493203125545585;3.4129171231070243
11.467268801244861;-7.526814480674375;-16.043941208921293;16.07216711196442
10.497638132563345;-10.536117826155085;-13.272950927671292;8.668072113614446
2.958844438668108;-2.8377396646451274;8.141202992348324;-11.870648820455418
-3.171751220405592;-18.623781021351352;-16.58497133313201;-17.709252911977867
13.544022813796106;8.22338000700574;5.238351446661427;2.202214621314511
-19.833566491225493;-7.743415821983376;21.30365362834705;-21.19680713090455
-7.950636774817799;4.365467563305644;-3.162953074427268;19.314200539292802
8.831867488037743;-9.077152505853597;-15.118787652091097;15.255512703058406
10.021639526008252;3.683169746853286;7.416570821469719;0.5124659693415108
12.44781968788758;7.080991867079122;6.969066476457433;3.0958153520739695
8.229418169908163;-12.502196626810433;-10.357002667451509;16.574360329450695
-9.347884458224966;0.22050774896107317;0.7059120830737813;9.812564712281889
-8.703683298875392;5.225177128732627;-0.9885241085847607;12.063285932383408
14.102984845957547;7.153160037416351;6.300570500087947;2.219931727210511
15.147602481637797;10.859518215706771;7.870602615910345;1.4459149180786035
12.042951642847628;-9.31278177425774;-13.303420135158062;8.026325973757594
-2.3897485298207037;-17.18203331480743;-12.511631476204414;-13.48113664373832
17.076564143965257;10.159700741758279;9.093322726559428;6.301294271928656
12.913228864833208;-9.083364930890598;-14.771422464766449;14.566476329525003
7.292738137559491;-11.887701583118162;-12.929077156396101;15.668673146201808
-7.004825870725545;4.15446720195108;-1.875647594115486;14.382709653831842
15.040203959391185;5.67710529242004;3.769950251443925;4.963523169058104
10.298039450209984;-8.569576540719389;-18.055184382645855;15.290663379801444
9.815223016944723;9.453099653544557;3.8082114666910796;2.0966410491695435
3.2297294164663413;-13.220728994720542;-13.60926117220769;18.4086653982088
18.432066817823284;-1.0072288219725891;-8.566718555888693;10.675623576155896
6.757371727327579;1.3692841003079237;-0.3093278934272584;-6.343524596237472
14.936549188017135;-7.577345512269864;-9.318660814988876;16.283344570100002
-4.81929720313465;-16.427223400503603;-18.04697368356735;-16.202445701778764
-0.18142869365678127;5.9599718095331;0.20413275457922497;-14.634756835841369
6.11794309614473;-10.31587590048586;-9.755798129955426;17.371120506286914
1.2766143092682771;2.9440592543328754;-9.240140709857059;-27.473501056396195
12.739224873240822;8.141671022767106;7.040832880738186;7.676605036469824
15.265027316959152;7.260127365771688;7.699681781458739;2.7947335020586968
1.6650406371130488;-10.708094817919388;-12.441622513170117;-16.86262337146157
-10.712481194509257;-14.345821524471644;-16.78128404651212;-18.581296824950225
14.15478546973864;8.29436610929115;3.110191065475777;0.26996742970877996
14.4528250814375;10.916419676506592;6.997967668922182;4.027810710183526
0.6806861633312025;-13.124730540997886;-15.232925929674545;-21.706428124331087
-4.4924751718271665;5.068075994681354;-22.89607003973822;-35.300342568159735
11.328032527138015;-5.896523454122507;-6.565180432838078;16.11190642810135
14.548567816924377;14.769722580752795;-22.296132089825548;9.691830513173002
14.218500330615981;7.996126234227672;7.0364661034463465;3.9902778847401974
-5.656960420546168;-15.407316804386015;-16.981369151236166;-20.876112716731487
8.616415411761714;-7.758596101645712;-13.871655749719002;14.440634401292872
14.393867162635106;6.508380554649447;2.96577631355198;3.841962718574449
15.894225374634187;9.889901219941448;4.953164733877475;0.14153230932971628
8.531475015831539;-7.406335153914926;-10.568216308834534;14.241662423080077
16.325308780980848;8.473288660831997;1.0491498115261555;2.046092801207278
1.8373905774695656;-15.80686059513904;-18.355965376302674;-16.632879058744702
-5.214663659795618;3.8185872989757668;-6.676929212389629;12.749184872814686
15.547888527553884;6.628891136403809;2.3569117171058154;4.533549034100177
6.965219047309204;-8.17392588278033;-14.099003022838032;19.07564796702853
10.336966127043318;4.630452648915531;9.22890472871751;1.5077313946479503
-9.742154900626353;-0.8677922621799437;-5.696955348766462;15.460015594472626
-13.952107372762352;3.0110017834214267;-15.0762979742193;-25.917740981012244
9.305741718620531;6.159252474908217;7.914189589175504;3.9098405624448356
9.915555929678655;5.428204090116773;5.615793343589819;4.694588758544624
4.060479984563925;-8.003416589615615;-17.90150208447103;16.688075602534305
11.870236439078182;-10.76262332179327;-8.63756688383677;11.287629012133724
5.888020743167843;-12.33286165015106;-17.847264877326758;10.325578421115004
9.946670820323867;9.620855830731047;4.548301829052808;6.679853342603369
-4.777756597621462;3.4137330430618285;-8.299417893854406;16.037256595760375
1.4292235145421177;8.997568973147821;-5.373853173639315;-29.373673822424976
-3.039028774087772;-18.98855712422918;-11.371991227884475;-19.544626844398795
12.158320686985181;-12.618729183784518;-18.120410834234384;21.375697326605085
7.152079269738091;-7.5080843282736955;-12.87046522622994;14.823059385639498
9.88254777256164;-15.020080347855592;-7.742875368476978;14.402631877960195
9.733220894744946;-10.277908169612477;-11.173482259718662;14.223086464426764
-11.479633811860008;6.272714962188477;-2.0307605489414824;12.549329402249183
11.503741032600267;-9.765689423491198;-5.799660957050877;18.823720647784544
-9.505698717265728;2.4986634942939037;-6.105219347577374;13.506339008212787
-12.925278045044182;3.1432535608700047;-1.8852548587718396;11.278482815499908
-3.201093533657006;-18.33950229498642;-18.89720507627837;-22.242898127585324
5.789319032779623;-7.772083081526412;-16.894610016584508;21.77192171708139
-1.7149245330299916;-11.948434170357842;-11.531463010286597;-21.4855834195739
11.43273417639016;10.200460710071715;7.414397857623923;-2.3610119911688487
9.203170795429482;-7.043178584906602;-18.300198806989208;16.243584137474095
17.447149117482216;-9.142229167572607;-12.786160671617147;18.424635523712787
-7.246838250814956;-0.49061425336125875;-16.8524643518278;-28.570226412884118
-25.819748907937512;-0.716375996988206;-5.384086695145516;-21.529669955743735
11.461544362835909;-10.661999524946307;-17.221690773288156;13.922040014131982
10.548929413159644;-8.618723637752845;-12.153294498549181;15.452267992334844
11.814969343683192;-10.744120201122506;-15.857449649796933;14.950388992577663
11.06757490861142;-3.594015313859651;-15.344006835569957;20.24403854254623
0.6879785114478096;-12.50943563905188;-14.533678546971867;-21.307281784392387
-8.631431409456669;-5.152688999520238;-14.74745403351459;-2.5939515609625516
-7.720354122916527;-15.767331669061859;-18.52965132914865;-24.48897804333951
10.464207876182305;-9.331748774354017;-11.082256227792222;14.029294792977918
12.889740088339922;9.849914924395774;6.18759233517464;1.8712974867863088
12.349435337782792;6.562931968855413;4.728734461817588;5.136898237248627
14.129546155195795;-11.032826198574053;-16.085119878987108;13.251539345701943
-7.131815869445687;4.811369015659617;-1.2087871466881435;12.823262552193505
15.03912283594736;-15.851511610037234;-14.695817686498325;11.191801212573697
10.952229766706068;-7.423965361744834;-15.746527116935605;13.463038686632814
-13.59432814780438;7.42765137468022;-7.471319428734056;10.941829865515365
-21.75447051457131;-7.568966475180207;17.293476719031833;-19.97706096853012
9.369316717445912;-8.969047927014485;-16.844757652455556;15.421518540577217
10.72959079149238;-14.95109159616641;-14.97081092865947;12.566683875236686
0.9044585502118991;-11.885299841303993;-16.280366582950904;-7.767492541362065
5.356427114949974;-8.221794885262089;-7.184248679489861;12.749473147277971
10.973824448800416;-3.0300670576252564;-11.350548293303001;14.789225252517957
5.934988525095152;-8.339406796815794;-14.99145904334857;16.143406890189382
14.07990453337994;9.62132443397391;8.341956449223884;2.294033851401491
15.167614262921566;5.646372582402161;7.483925933073033;5.177174451200111
4.362032045961449;-11.472412571496204;-12.687665406265362;17.28618629694355
7.505764246229208;-11.368731489721043;-16.39089663210402;8.836260682796762
12.920862156474907;-10.451736833750742;-15.647161223343158;14.925067016544089
13.731972378992578;8.541712049067979;4.894000156356943;2.880619996470257
13.890784705598223;-6.363860207973654;-15.908068088688157;16.031571687454026
10.983378915179522;-8.46726095573693;-11.231434667738094;18.05077625378996
9.155506671133882;-9.861752390603687;-16.048722308076485;19.820347537038167
5.49870671958452;-12.8128567741295;-9.071252652180153;13.70428323118526
13.88096079596923;23.603790923399195;-20.699286605222927;4.459032166195879
12.027057391784028;8.741291810908082;3.754890997918026;2.0110585428269987
15.135435253412822;6.849184889634042;6.307079462925454;1.3583742477934386
-9.86112747560086;3.7717033238814137;-4.1429102553818336;15.4652785323857
12.745948752593966;4.301111818071066;13.591145425190916;0.5430083431908845
12.816973700824182;-10.00434183117898;-11.088040725438779;14.37395227973776
1.0202212926995546;8.057335607561091;-1.8446578966027691;-4.24662404853826
-12.909341931349411;1.2739716558247776;-3.873691387593777;14.618314258371452
11.422632998469357;-2.046595339762093;-15.041927343784861;17.85461947646387
-10.898255751040601;2.0180492965241594;-4.653802140462643;12.159438485707083
-0.5296894718714107;-4.583743890601226;-2.363815040551044;-36.16372703019536
13.97393410650446;6.76565962749372;8.369605858446267;-1.9110049073309892
-6.725973344545731;-15.202900034993998;-15.376168041063133;-18.981719337035138
-10.122472631659233;-1.7050324932648655;-5.24090096729209;10.282081686956195
-1.011676046963358;-13.517153221403474;-17.777144208306602;-20.793961534583907
0.4424122045275185;-15.50030715166859;-13.075104297461365;-22.55663830578022
17.071364446214695;-9.435937076027308;-14.653043651342509;16.056043224057372
-9.856840646274415;8.73945320471493;-8.31452480348771;16.585562776777135
-10.877723705915665;2.3073779094970885;-19.880844057559667;-42.693365192404784
7.593161393203447;-6.264594905379562;-15.742838201025336;17.95566692011264
15.870700994504064;7.088374500006491;3.770255169853056;2.926700462119999
10.551144626931002;-9.970391956567452;-17.476820119718113;17.737168136206808
-2.8744656653957383;-8.854367870623214;-13.199611268699496;-18.144679666889694
11.853368012978466;6.235352151337657;9.092683678496117;5.2261218780127585
10.05798018590691;-8.871272159361995;-10.438027263955162;14.45067561512454
10.285417667855565;-7.652480152438904;-12.950063338594013;6.448154638889378
15.592319287035963;3.110390871692906;7.492752172002023;4.927411585446009
-10.404916114713398;4.421147545660304;-3.2123400043986723;15.584160033193132
12.829123562701646;21.34110830637914;-24.4747876995621;2.6474707991293327
-6.70844071913994;-12.062560841463972;-15.346971879191994;-21.882982906224548
5.915702376673415;-6.605620096158223;-11.207126249343599;20.86955758125295
11.592522621684067;8.823306203403476;5.642577591282444;5.101244092839401
-18.935092355186097;-8.99298608109125;-29.566955361067677;-19.60295769529917
0.0352350711578544;9.88829382638622;-3.167827875244602;-12.603206051488575
5.306228179178627;-11.829750140977627;-13.906287131719061;15.293457210887212
8.006300304588468;-13.055914373222823;-15.33000308417742;12.988456848074179
-10.268806784230282;3.6466751330696905;-8.938197122960013;-11.546382338045738
-12.44778955704668;7.8093390692826485;-13.114847279843836;-27.333756834688447
6.596494475489781;-7.780599081958358;-13.73414297530662;19.59948490403014
-11.326579416549706;1.485711744460781;-7.046435256274158;16.09898315820244
-9.894083090886125;2.0080539364610654;-1.7044033678100208;9.220171681956128
10.428285751029811;6.402733626245553;7.650147212165896;5.495675889867484
9.867499262203514;-10.30716768941014;-17.655286455700512;15.155313024813934
3.871439638945918;-6.58109743110319;-10.911791248333891;13.615102112824504
8.385135844960956;6.450278056944478;-3.3020631964325338;-11.728092477382432
-7.324101646549401;-12.219910093429307;-2.788454977112565;-34.72447694825293
11.731576240897772;11.195702448660747;6.877636823883212;-0.938361409123809
-2.8185940647439764;-4.3527891744211695;-22.00873464965385;-19.018879416389755
-18.657777428538576;-6.8829108646989585;19.754073552487878;-22.367271954244245
11.5534008733229;-9.210722976395221;-13.770948448988618;18.339245487517914
13.541901735607128;7.910110904533953;8.550700185809543;4.493079386379686
13.213250929401482;4.542028606833739;2.101914861291827;4.977478308645807
9.987776207432772;-7.041930363421992;-12.11226996588715;13.893569326716108
11.011038475620488;7.2142850976234865;4.528138838134712;5.7425320786180745
12.65303319611517;7.961297139756712;3.7004644114142606;4.746249759038953
11.817066356497191;8.030421712131137;13.465873275080689;6.729100218382599
5.9805952699486955;-10.508084419143914;-12.908389229952764;10.455505923477777
14.340877534960448;-10.69972455305523;-14.977846121580429;15.977912888876055
-25.45978635526599;-8.884237216394467;17.150394504135534;-21.2795214263698
-9.09202951810605;3.9909302913106073;-3.6757677570318554;14.408979724984881
-7.0785797138017985;-3.3054606609571273;-10.136574156100927;-12.625168332776482
-11.302354809677972;3.2123142519583876;-5.36581558672464;15.536533831766285
12.641330873633827;6.97235847592283;7.111824114031851;6.457335895203121
-0.21554816195636484;-5.8423757590624925;-19.528261571388658;12.216000318965758
12.165101493140082;6.327743451067433;2.6878427733768246;3.951471172137392
10.494667016994365;-8.52785460224229;-19.572721123968496;13.294524811579183
-8.699411584910576;0.24831693285268797;-3.3064694328629844;16.90229200186345
-11.198502391455591;4.153122459285995;-7.601939017206203;11.22522559235941
12.065062127931697;-11.283139656089803;-12.642038646507645;19.148122563862426
12.520174907471947;7.982158033478901;5.502755305846033;4.888112641647025
11.86078048182213;7.614371441264092;11.390027286121335;5.592126651888375
5.801062618758677;-5.047720919902022;-11.352251756108567;15.990966310759395
13.056825059233343;-7.556558053713108;-12.109963087662788;18.405800032458504
1.1264321627090619;9.454877482074512;-2.9938295302741107;-13.890091387371214
8.950215305837748;5.6710875064801245;-0.47852338629672464;-10.820008895446351
3.1312318198691376;-5.65521238364323;-13.360624798486292;19.061122757584656
12.895358214738204;5.018606590214356;8.889797755994175;2.1230141437081773
2.064955625545924;-4.270477623673883;-12.847690831202243;7.445086938577743
13.525591153230138;7.98672818574915;8.559444026953411;4.0015795376561245
13.812222244894507;4.203017138569935;3.8906190285814386;2.020554786311423
18.373439824010628;17.680452377066167;-14.55353351386647;3.5653527438391777
-14.165128034931843;-18.496014137667018;-15.227369422784568;-24.77521235194905
12.051902939270168;7.258676292195807;7.1063762850643934;1.3251553709277912
-19.25188625431783;-8.499690143001928;-10.866781983322543;-14.93009979933474
-8.550305680065277;0.9543771262821021;-17.963459602433304;-10.408602211843592
-8.78685052900376;2.588231729540864;-2.81081944971483;14.134182120266829
6.79823591029378;-13.330036120752634;-13.02463406902617;14.119719473490836
15.151759834848125;-9.659466064362023;-15.978569921293408;17.01245837627442
8.367803538406488;-6.9381522975731755;-16.838850378733913;15.027222277181517
13.98717347554969;4.316294876745961;8.941497407011134;5.939209685884837
12.290570868927873;-8.7785074273788;-11.389118209246535;20.00725699902843
7.946162495066559;-8.676772896553594;-14.417568304344867;20.14972274519217
-3.3755212330268805;-17.743880603850194;-19.97160429713353;-14.025262577032855
11.49783182171099;5.857048172040265;4.895021686675576;1.2864347969694112
12.974919778050454;6.875362340847885;3.6435486702527684;2.9901645452642946
9.758374520243128;-12.125123981420874;-18.016248618179368;21.83387396395001
4.678827153353575;6.95506950238878;-0.7238140833372945;-7.04917746053186
-9.992999425223768;3.464613766447825;-3.9696114719348534;13.339660998492873
4.453754704406113;-11.092857217762969;-9.343757620984471;12.794844749418456
10.676430499298569;-5.5933453273893345;-10.697880684799673;15.395900958256577
7.114564164982257;-9.301600631238202;-16.217384684034116;10.015176825315239
12.038492712014563;6.490744578569812;6.20962760412536;3.1458319795764527
12.060320219749695;3.1010678417291517;5.022117948261705;-0.6964384831171326
11.610815073022716;-11.183198305862847;-16.14729146297777;20.274006736822432
9.28212316628315;-6.766964890963456;-6.896306404682937;19.393143542406847
10.781216744972731;3.0564951681581154;6.450540438366216;6.123755112916023
1.6688702735884622;10.38895886990413;-25.107466686846884;-24.506825153911144
-5.000355645127071;-4.059803505776237;-3.06495605776764;-11.785386602949968
9.354434019258306;-10.9575579353959;-19.094994535810294;16.253345515892033
-5.282408080158653;4.660035982080899;-5.039890155205319;9.998564553494226
13.44555477896766;-12.11659578652299;-15.144302145756816;10.01027197048607
-4.573344434594448;2.1389900464531006;-8.469675980400165;-13.38749879135771
10.258318312602496;-3.6236197931816863;-14.654415676533501;12.43329977221186
7.5858579917871225;-11.66834323934215;-15.907942468514602;19.13742847660765
-11.993674720456148;0.5264517841032048;-1.0854593655452565;11.68243541749834
-8.177876850681038;4.316108018694023;-9.58510905127169;14.807582930786868
10.687806134990204;-11.287112395380912;-9.710490772040588;19.044979822509895
-16.227399750358753;-5.826936534104869;18.038696753356923;-20.592996534407522
5.644238160860573;-3.593985418292104;-14.392319637895618;18.163641518723672
-20.994753644371304;-6.154053855079919;17.010920323651757;-20.000423037430338
-0.32182562493904276;7.417793751667897;3.084443905642439;-8.427891482410217
12.639545265373906;8.355975386383319;5.521188789549517;3.3836047503764735
14.609523548394074;8.36712334182835;7.659849103631139;-0.93591042207738
-4.7228636016615075;-17.895483691379237;-17.891957489219855;-19.16820478693374
9.976428437269833;-8.379575892731818;-12.80947297665834;14.023764428975019
10.939108236627133;-9.918556024815274;-10.34590589029654;16.82028083635693
-21.039869844010177;-3.7893224261506515;22.27646006844027;-18.150235081180814
9.358135506401238;-11.545447621968759;-11.222404475460275;14.340608267816059
10.382792233792314;6.243292807412325;6.746131982255163;1.821803855731368
6.9940090267558475;-10.726680656584838;-15.591794587232956;13.711645791152709
11.039894629187021;7.222799792178407;4.276468906143374;4.915384432198156
-6.716167106214477;0.18056330817906563;-3.6866585869404114;8.687844493852296
11.098764658029788;8.744059437665165;7.116022532693671;3.979153268783777
-8.667404196915967;4.583480098015022;-1.1630396460333126;12.245823673007003
-13.211097521551256;5.930447114877099;-25.198215796221003;-23.01764063475723
-6.4814598686942535;0.4984154994534773;-2.2476252915692596;15.332411725940407
10.213157702793797;-8.859524722953715;-13.572055056862414;19.248145654349482
8.565050020631862;-6.353109123592013;-11.517058863948035;19.23505572296112
-0.5496394065546131;9.779070095985544;-8.460653747425571;-19.14832506328227
0.8052381447527459;4.237871826801019;-2.185004496588051;-5.055440280428911
13.021323080097353;-5.99626147923911;-11.532811240085234;13.48017576207338
12.840414799396038;6.894047148178287;3.1418299942757018;3.9855331971081
7.50831070339501;-8.116286879795734;-10.145696729501005;15.0170295699829
-9.104391672268344;0.8998677653369702;-1.4991207755271097;11.675760187783444
-1.5311551158437835;-19.10430250286994;-14.202151321382766;-21.100787877253715
10.146479591163295;5.330047013488556;8.618481339675892;2.2644377372010487
-5.146403886166517;-0.41405766754014595;-5.926173535840105;13.415138457725218
12.544739407727281;3.603240006044366;-25.948513242786397;-21.168238195795922
1.1891132651031895;10.065750160467928;6.261134672954095;-10.830976151910498
16.08407970161011;6.46813601220589;6.809302702109521;4.340652050006078
9.127046805074873;-10.43589042633013;-13.230208276026495;19.119106601140512
-3.3761374624763034;-14.830966883700272;-12.68669958969049;-15.653814446116595
11.681605967537777;-6.801716025015445;-15.096479362213351;17.89049717199404
11.889588289634272;8.4320898608029;6.864709442367828;0.06768985994142529
-21.54894839231281;-8.304765840836156;21.161970361901314;-20.63307566235962
12.596361213869042;8.833554008682889;6.9462915169617645;5.993514092138976
-14.239506358019884;0.5472951430108797;-13.883626254804732;-20.319294808479363
12.437252542077;11.254930163735192;7.109138803571656;4.990919306631605
12.520053771000486;22.109652303088463;-17.73328084855256;7.96189417911676
3.0021838538265078;-13.690514363218078;-9.000190463785898;11.55488848447302
14.271277774630894;7.404364491571356;8.834899827728393;4.177288182884517
-5.9002926910848075;7.332391283822526;-12.288801442065473;-23.909126626318894
22.619132960504288;19.91555306076667;-14.445729403891884;6.844135922672921
10.16476745089263;-10.776475477612653;-8.640841942949233;17.712081605777904
7.196808315098492;-9.702524171071374;-11.762546333221675;17.40485581674994
15.728924776494988;8.0529035119144;6.466154545648487;4.1693147030748685
-11.172920736493996;-12.75542221900195;-13.873360718230362;-19.849923680169027
-19.757488675131132;-5.8001174609291395;19.23529360598813;-19.182488750207305
6.992123902272549;-15.303063703400937;-8.406599448170027;10.144086394391074
12.68976131597103;9.13615509140978;7.571612529254105;4.125838337732982
8.366626140922179;-8.98523009424481;-20.04103636704434;13.884937718207324
7.736173529555562;-6.0459652877540595;-10.060028853510659;10.189169494254998
18.804817760438286;13.611918050366208;-18.56166174087995;3.4692427553645393
-1.9433964341621;8.544439597269848;-0.34660598119457203;-2.149830022351458
12.754471627770036;-8.32616852368473;-14.234187731948806;14.533235717339187
6.570599049890681;-8.554356453609211;-13.316224341116365;13.98710364602543
13.975539980095913;-4.739536907029438;-12.70564203088602;15.453538013612235
-8.78143317160792;-0.6952279597809774;-2.897788738239356;14.072534410282392
11.385507743886365;-10.397066614715783;-19.341723537619544;12.852686516734469
13.142851123820023;-11.39641372740128;-9.939723636370195;14.211031048270664
-6.388478879450082;1.208097881552922;-6.533948734464662;18.345064609966386
2.8983405293138964;0.961200553189161;-10.066622825550654;-13.247498227899907
-15.076524166847147;4.144985186009369;-5.752751259733849;-20.1210662382709
15.268750310886617;5.9091673968382326;5.493119039178216;3.6069282645674567
13.941554568883209;-17.664202092485894;-16.10571204859107;18.646144332062125
20.69789089406913;15.058729021985563;-22.383512363693754;9.994110575725081
17.33661536749793;12.21341831514522;-18.726009677142383;9.403147109940674
0.3912729974557554;-2.4015868650470518;-0.5642760977811928;-8.477399630216539
4.3222063873819945;15.0837332388461;-15.602289421556028;-28.31677297543502
-15.635299666522634;3.9146681629905125;-14.483037885070438;-8.1488239092643
10.893384718020112;4.993099856318636;7.818967247332817;2.8048609200025174
10.119205788647628;-6.38940813615185;-7.982135742497679;7.18251031603004
5.690825472712332;7.565106712701791;-0.7783980379229113;-10.782189595371657
-8.489270302402055;-15.410824376771373;-11.941049187785344;-15.907243306006295
-11.214815869120436;4.258965408957878;-0.8891613967048437;13.712118892177248
5.397696002168912;-3.4935080720378444;-11.92696898826158;13.83765372771812
12.619963714123111;-8.455176192890157;-15.77049811338297;5.762570708539705
-18.75152999878349;-11.964060778386942;-3.266609050638843;-24.014487253744207
9.199692137877367;-13.656988438250778;-14.519675192126936;18.23430167011034
7.213676182656217;-3.240435175209557;-10.995401213841916;14.597069049322725
-7.6824363406408605;2.5582010356329428;-6.457896604058078;10.033065884877015
3.7232854701096567;-17.748262272185105;-17.213639185154175;-22.577472324333698
4.899665017920722;2.542406322566869;3.404308193094315;-13.205713996631413
-9.551110388410947;-1.6739421275884374;-3.2401423064778587;-13.540933118444295
9.704844596293325;-10.260781095206895;-15.174012684833581;11.05478759845803
13.037741889699328;6.133027182917129;7.374748801326444;2.710455817033329
9.254548414062064;-11.17423845198986;-14.088040865443595;14.102066503670441
15.776283069983583;5.537544452408381;5.239974998317033;3.856738336639605
10.043258525927019;-3.3500831762952847;-14.082978237773183;15.16106803004362
